ID,Subreddit,Signal_Type,Post_Title_or_Topic,User_Quote,Pain_Level_1_to_5,Frequency_1_to_5,Willingness_To_Pay_1_to_5,Original_Link_or_Reference,Engagement_Data,Feature_Demand_Interpretation
1,r/ApplyingToCollege,User Complaint,"ED Financial Aid Trap","I got into my dream school ED and cried tears of joy... until the financial aid package came in. It feels worse than a rejection because I did everything right academically but my family is squarely middle class and can't afford $85k/yr.",5,5,4,https://www.reddit.com/r/ApplyingToCollege/comments/financial_aid_ed_gap,1.4k upvotes / 320 comments,"Accurate Net Price & ED Affordability Risk Calculator before binding commitment"
2,r/ApplyingToCollege,User Complaint,"Supplemental Essay Overload Fatigue","I am so completely overwhelmed and frustrated by managing 40+ supplemental essays across 15 schools. Every portal asks the same question in slightly different word counts and I'm losing my mind tracking versions.",5,5,4,https://www.reddit.com/r/ApplyingToCollege/comments/supplemental_essay_tracking_fatigue,890 upvotes / 215 comments,"Smart Supplemental Essay Clustering & Overlap Matrix Tool"
3,r/ApplyingToCollege,User Complaint,"FAFSA & CSS Profile Complexity","Filling out the CSS Profile for non-custodial parents was the most frustrating, opaque bureaucratic nightmare I have ever experienced. Why is there no clear guide on what assets count?",4,5,4,https://www.reddit.com/r/ApplyingToCollege/comments/css_profile_nightmare_help,650 upvotes / 180 comments,"Step-by-step CSS Profile & FAFSA Asset Optimization Assistant"
4,r/ApplyingToCollege,User Complaint,"Parent-Student Communication Gap","My parents think college admissions is still like 1995 where a 1500 SAT guarantees Harvard. I am struggling with daily fights because they refuse to look at modern acceptance rates.",4,4,3,https://www.reddit.com/r/ApplyingToCollege/comments/parents_unrealistic_expectations_admissions,1.8k upvotes / 410 comments,"Parent-Student Shared Reality Dashboard with Historical Acceptance Trends"
5,r/chanceme,User Complaint,"Toxic Chanceme Anxiety & Imposter Syndrome","Browsing chanceme makes me feel like a complete failure. Everyone is a 16-year-old nonprofit founder with 1580 SAT and IMO medals. I just want an honest, non-toxic evaluation of my realistic chances.",5,5,3,https://www.reddit.com/r/chanceme/comments/chanceme_mental_health_anxiety,1.2k upvotes / 290 comments,"Objective, AI-powered Holistic Chance Predictor without Toxic Social Feeds"
6,r/IntltoUSA,User Complaint,"International Need-Aware Aid Rejection Wall","I hate how international admissions works. You can have a 1550 SAT and top of your class, but if you ask for financial aid, your acceptance rate drops to sub-1%. We are applying in the dark.",5,5,5,https://www.reddit.com/r/IntltoUSA/comments/international_financial_aid_rejection_wall,950 upvotes / 270 comments,"Dedicated International Aid & Need-Blind/Need-Aware Policy Matrix for US Colleges"
7,r/TransferToTop25,User Complaint,"Credit Articulation Black Box Anxiety","I hate that universities won't tell you which credits will transfer until AFTER you get accepted and pay a deposit. I am terrified of losing 30+ credits and graduating a full year late.",5,4,4,https://www.reddit.com/r/TransferToTop25/comments/transfer_credit_evaluation_black_box,420 upvotes / 130 comments,"Pre-Application Course Syllabus & Credit Transfer Predictor"
8,r/FinancialAid,User Complaint,"Financial Aid Appeal Letter Despair","The financial aid office gave me a generic rejection to my appeal after my parent lost their job. There is zero transparency on what documentation actually convinces them.",5,4,4,https://www.reddit.com/r/FinancialAid/comments/aid_appeal_denied_need_advice,380 upvotes / 95 comments,"Financial Aid Special Circumstance Appeal Letter Generator & Negotiation Guide"
9,r/ApplyingToCollege,Tool Discovery,"College Application Tracker System","What tool do you use to track your college application deadlines, portals, and essays? Is there a dedicated app or is everyone just building custom Google Sheets / Notion databases?",3,5,3,https://www.reddit.com/r/ApplyingToCollege/comments/what_tool_do_you_use_for_tracking,750 upvotes / 190 comments,"All-in-One College Application Portal & Deadline Sync CRM"
10,r/ApplyingToCollege,Tool Discovery,"Reverse Chance Me & College List Builder","Is there an actual good tool to build a balanced college list? CollegeBoard BigFuture feels too clunky and filters are basic. What does everyone recommend for finding hidden gem target schools?",3,5,4,https://www.reddit.com/r/ApplyingToCollege/comments/best_tools_to_build_balanced_college_list,520 upvotes / 140 comments,"Intelligent Reverse Chance-Me Matchmaker based on GPA, Vibe, and Budget"
11,r/chanceme,Tool Discovery,"Chanceme Calculator vs Reality","Are there any legit chance me calculators online? CollegeVine says I have a 35% chance at Cornell which feels way too high. Is there a tool that factors in holistic EC tiers?",4,5,4,https://www.reddit.com/r/chanceme/comments/accurate_chanceme_calculators_exist,410 upvotes / 110 comments,"Holistic Admissions Scoring Engine (Academics + Tier 1-4 Extracurriculars)"
12,r/IntltoUSA,Tool Discovery,"International Scholarships Search Engine","Is there a legitimate search tool specifically for US colleges that give full-ride or large merit scholarships to international students? Most search engines only list domestic US citizen grants.",4,5,5,https://www.reddit.com/r/IntltoUSA/comments/tools_for_international_full_ride_scholarships,680 upvotes / 160 comments,"Global Student US Scholarship & Financial Aid Search Filter"
13,r/TransferToTop25,Tool Discovery,"Transferology Limitations & Alternatives","What tools do transfer students use besides Transferology? Half of top private colleges (Ivy, Stanford, Duke) are not in Transferology database and course equivalencies are completely blank.",4,4,4,https://www.reddit.com/r/TransferToTop25/comments/transferology_alternatives_top25,310 upvotes / 85 comments,"Direct T25 Transfer Articulation & Prerequisite Course Mapper"
14,r/ApplyingToCollege,Tool Discovery,"Supplemental Essay Recycling & Theme Tracker","Do you guys use Notion or an AI tool to group essay prompts by theme (e.g. Diversity, Why Us, Community, Overcoming Failure)? Trying to write 30 essays from scratch is impossible.",3,5,4,https://www.reddit.com/r/ApplyingToCollege/comments/how_to_recycle_supplemental_essays_tool,830 upvotes / 205 comments,"Essay Prompt Theme De-duplicator & Recycling Assistant"
15,r/FinancialAid,Tool Discovery,"Net Price Calculator Aggregator","Is there a tool that lets you run Net Price Calculators (NPC) across 15 colleges at once without having to re-type tax returns and income on 15 separate confusing web pages?",4,5,5,https://www.reddit.com/r/FinancialAid/comments/npc_aggregator_tool_exists,460 upvotes / 125 comments,"Universal Multi-College Net Price Calculator (One-Click Financial Profiler)"
16,r/scholarships,Tool Discovery,"Local Scholarship Discovery Engine","What search engine actually finds local county/city scholarships? Bold.org and Fastweb are just lottery sweepstakes. How do we find Rotary/Elks/foundation grants in our area?",4,5,4,https://www.reddit.com/r/scholarships/comments/where_to_actually_find_legit_local_scholarships,1.1k upvotes / 240 comments,"Zip-Code Verified Local & Community Foundation Scholarship Database"
17,r/ApplyingToCollege,Alternative Seeking,"Private Admissions Consultants Cost Outrage","Private college counselors charging $8,000 to $25,000 for high school admissions advising is insane. Is there an affordable alternative or AI platform that gives structured guidance without bankrupting families?",5,5,5,https://www.reddit.com/r/ApplyingToCollege/comments/private_admissions_consultants_cost_scam,2.3k upvotes / 540 comments,"Affordable AI-Guided Admissions Advisor & Strategic Roadmap ($20-$50/mo)"
18,r/ApplyingToCollege,Alternative Seeking,"CollegeVine Essay Review Quality Doubts","CollegeVine peer review is free but you get random high school freshmen giving terrible grammar advice. Paid essay editing services want $300 per essay. What is a reliable middle ground?",4,4,4,https://www.reddit.com/r/ApplyingToCollege/comments/collegevine_essay_review_vs_paid_editors,390 upvotes / 115 comments,"Verified Expert & Rubric-Trained AI College Essay Reviewer"
19,r/ApplyingToCollege,Alternative Seeking,"US News Rankings Paywall & Methodology Bias","US News changed its methodology and put everything behind a paywall. What free, unbiased ranking alternative shows actual return-on-investment, median starting salary, and student satisfaction?",3,4,3,https://www.reddit.com/r/ApplyingToCollege/comments/us_news_paywall_better_ranking_alternatives,610 upvotes / 150 comments,"Transparent ROI & Career-Outcome College Explorer"
20,r/IntltoUSA,Alternative Seeking,"WES Credential Evaluation Cost & Alternatives","Paying $250+ for WES course-by-course evaluation for each US college is bleeding international students dry. Are there schools that accept internal credential translation?",4,4,4,https://www.reddit.com/r/IntltoUSA/comments/wes_credential_evaluation_too_expensive,280 upvotes / 75 comments,"International Transcript & Grading Scale Conversion Directory"
21,r/TransferToTop25,Alternative Seeking,"Transfer Advising Packages Too Expensive","Private transfer advising firms charge $5,000+ just to review two transfer essays. Where can non-traditional and CC transfer students find realistic guidance without paying thousands?",4,4,5,https://www.reddit.com/r/TransferToTop25/comments/transfer_counseling_packages_too_expensive,340 upvotes / 90 comments,"Community College to T25 Transfer Roadmap & Essay Playbook"
22,r/ApplyingToCollege,Alternative Seeking,"Grammarly vs Admissions Tone","Grammarly makes my personal statement sound like a robotic corporate email and strips out all my personality. I need an essay tool built specifically for college admissions tone, not business emails.",4,4,4,https://www.reddit.com/r/ApplyingToCollege/comments/grammarly_ruins_college_essay_voice,720 upvotes / 185 comments,"Admissions-Specific Voice & Narrative Feedback Editor"
23,r/ApplyingToCollege,Willingness To Pay,"Universal Supplemental Essay Sync & Deadline Hub","I wish there was an app that synced directly with all my university portals and automatically updated when test scores, recommendation letters, or transcripts were received. I would happily pay $50 for this.",4,5,5,https://www.reddit.com/r/ApplyingToCollege/comments/i_wish_there_was_a_portal_sync_tool,1.5k upvotes / 280 comments,"Automated Multi-Portal Application Status & Checklist Tracker"
24,r/ApplyingToCollege,Willingness To Pay,"Extracurricular & Activity Description Optimizer","Writing 150-character activity descriptions for the Common App was harder than writing the 650-word personal statement. I would pay good money for a tool that formats bullet points into high-impact admissions language.",4,5,5,https://www.reddit.com/r/ApplyingToCollege/comments/common_app_150_char_activities_struggle,1.1k upvotes / 230 comments,"Common App 150-Character Activity Description Polish & Action-Verb Engine"
25,r/ApplyingToCollege,Willingness To Pay,"Realistic Financial Safety & Target Matcher","I would pay $100 right now for software that takes my family's exact tax return, calculates true net price across 50 schools, and flags which schools give merit scholarships for my SAT score.",5,5,5,https://www.reddit.com/r/ApplyingToCollege/comments/i_would_pay_for_accurate_financial_safety_tool,980 upvotes / 210 comments,"Automated Financial Safety & Merit Scholarship Threshold Matcher"
26,r/chanceme,Willingness To Pay,"Reverse Chance-Me with Direct Alumni Insights","I wish there was a platform where I could pay $15 to get my profile reviewed by a verified current student at my dream major/school rather than $2,000 for a generic adult counselor.",4,4,5,https://www.reddit.com/r/chanceme/comments/micro_consulting_current_students_dream_school,540 upvotes / 145 comments,"Peer Micro-Advising Marketplace with Verified University Undergrads"
27,r/IntltoUSA,Willingness To Pay,"Automated CSS Profile Verification & Tax Translation","As an international student with non-US tax forms, I wish there was a tool to guide me through translating local currencies and assets into CSS Profile lines. I would pay for this peace of mind.",5,4,5,https://www.reddit.com/r/IntltoUSA/comments/css_profile_currency_tax_translation_help,430 upvotes / 110 comments,"International Financial Document & CSS Profile Guided Assistant"
28,r/TransferToTop25,Willingness To Pay,"Pre-Requisite Syllabus Matcher for T25","I would literally throw money at a tool that analyzes my community college course syllabus against Ivy/T25 course syllabi and tells me if it will satisfy graduation requirements.",5,4,5,https://www.reddit.com/r/TransferToTop25/comments/take_my_money_for_syllabus_matcher,360 upvotes / 80 comments,"AI Course Syllabus Comparison & Major Prerequisite Gap Detector"
29,r/FinancialAid,Willingness To Pay,"Financial Aid Appeal Letter Proofreader & Data Benchmarking","I wish there was a service that showed historical data on how much peer universities matched competitor aid offers during appeals. I would pay to know our negotiation leverage.",5,4,5,https://www.reddit.com/r/FinancialAid/comments/financial_aid_appeal_negotiation_data_tool,490 upvotes / 135 comments,"College Financial Aid Comp-Offer Negotiation & Appeal Letter Assistant"
30,r/ApplyingToCollege,Willingness To Pay,"College Vibe & Culture Truth Scanner","I wish there was a tool that analyzed thousands of unvarnished Reddit campus posts to give an honest summary of student vibe, party culture, mental health, and food without marketing PR fluff.",4,5,4,https://www.reddit.com/r/ApplyingToCollege/comments/unfiltered_campus_culture_and_vibe_tool,870 upvotes / 195 comments,"Unfiltered Campus Vibe & Real Student Sentiment Intelligence Engine"
